{"level":"00000001","stage":"00000002","subject":"00000004","chapter":"00000006","totalQuestions":"12","canSkip":2,"minAttempt":"10","minPassingCriterea":"7","perStageMark":"2","skipedCount":0,"attemptedCount":2,"questionDetails":[{"questionId":"00000036","question":"90 is 50% of","questionimage":"","systemCorrectOptionID":"165","correctOptionID":"0000000161","options":{"0000000161":"900#image#","0000000162":"270#image#","0000000163":"360#image#","0000000164":"200#image#","0000000165":"180#image#"}},{"questionId":"00000025","question":"396 is 55% of","questionimage":"","systemCorrectOptionID":"107","correctOptionID":"0000000106","options":{"0000000106":"725#image#","0000000107":"720#image#","0000000108":"780#image#","0000000109":"860#image#","0000000110":"360#image#"}},{"questionId":"00000031","question":"30 is 10% of","questionimage":"","systemCorrectOptionID":"138","correctOptionID":"NA","options":{"0000000136":"600#image#","0000000137":"900#image#","0000000138":"300#image#","0000000139":"33#image#","0000000140":"330#image#"}},{"questionId":"00000035","question":"115 is 25% of","questionimage":"","systemCorrectOptionID":"158","correctOptionID":"NA","options":{"0000000156":"500#image#","0000000157":"580#image#","0000000158":"460#image#","0000000159":"250#image#","0000000160":"1150#image#"}},{"questionId":"00000024","question":"215 is 25% of","questionimage":"","systemCorrectOptionID":"104","correctOptionID":"NA","options":{"0000000101":"725#image#","0000000102":"720#image#","0000000103":"780#image#","0000000104":"860#image#","0000000105":"360#image#"}},{"questionId":"00000034","question":"60 is 25% of","questionimage":"","systemCorrectOptionID":"151","correctOptionID":"NA","options":{"0000000151":"240#image#","0000000152":"600#image#","0000000153":"500#image#","0000000154":"1000#image#","0000000155":"660#image#"}},{"questionId":"00000030","question":"200 is 25% of","questionimage":"","systemCorrectOptionID":"133","correctOptionID":"NA","options":{"0000000131":"2000#image#","0000000132":"1000#image#","0000000133":"800#image#","0000000134":"500#image#","0000000135":"2000#image#"}},{"questionId":"00000023","question":"90 is 25% of","questionimage":"","systemCorrectOptionID":"100","correctOptionID":"NA","options":{"0000000096":"725#image#","0000000097":"720#image#","0000000098":"780#image#","0000000099":"860#image#","0000000100":"360#image#"}},{"questionId":"00000032","question":"50 is 25% of","questionimage":"","systemCorrectOptionID":"141","correctOptionID":"NA","options":{"0000000141":"200#image#","0000000142":"2000#image#","0000000143":"250#image#","0000000144":"2500#image#","0000000145":"100#image#"}},{"questionId":"00000028","question":"25 is 25% of","questionimage":"","systemCorrectOptionID":"124","correctOptionID":"NA","options":{"0000000121":"20#image#","0000000122":"25#image#","0000000123":"50#image#","0000000124":"100#image#","0000000125":"250#image#"}},{"questionId":"00000026","question":"195 is 25% of","questionimage":"","systemCorrectOptionID":"113","correctOptionID":"NA","options":{"0000000111":"725#image#","0000000112":"720#image#","0000000113":"780#image#","0000000114":"860#image#","0000000115":"360#image#"}},{"questionId":"00000022","question":"387 is 45% of","questionimage":"","systemCorrectOptionID":"94","correctOptionID":"NA","options":{"0000000091":"725#image#","0000000092":"720#image#","0000000093":"780#image#","0000000094":"860#image#","0000000095":"360#image#"}}]}