{"level":"00000001","stage":"00000001","subject":"00000001","chapter":"00000001","totalQuestions":"12","canSkip":2,"minAttempt":"10","minPassingCriterea":"6","perStageMark":"1","skipedCount":0,"attemptedCount":0,"questionDetails":[{"questionId":"00000019","question":"Who is CM of UP?","questionimage":"","systemCorrectOptionID":"91","correctOptionID":"NA","options":{"0000000088":"modi#image#","0000000089":"rajnath#image#","0000000090":"ajal#image#","0000000091":"Aditya yogi nath#image#","0000000092":"mayawati#image#"}},{"questionId":"00000002","question":"The opposite of dull is","questionimage":"","systemCorrectOptionID":"10","correctOptionID":"NA","options":{"0000000006":"Confused#image#","0000000007":"Welfare#image#","0000000008":"Full#image#","0000000009":"Empty#image#","0000000010":"interesting#image#"}},{"questionId":"00000007","question":"Find out Mismatch one pair ","questionimage":"","systemCorrectOptionID":"31","correctOptionID":"NA","options":{"0000000031":"Greate - Fantastic#image#","0000000032":"Clever - Smart#image#","0000000033":"Tiny - Small#image#","0000000034":"Lady - Woman#image#","0000000035":"Easy - Simple#image#"}},{"questionId":"00000001","question":"The opposite of male is ","questionimage":"","systemCorrectOptionID":"3","correctOptionID":"NA","options":{"0000000001":"Boy#image#","0000000002":"Girl#image#","0000000003":"Female#image#","0000000004":"A eunch#image#","0000000005":"Mixed Breed#image#"}},{"questionId":"00000020","question":"New PM?","questionimage":"","systemCorrectOptionID":"95","correctOptionID":"NA","options":{"0000000093":"Atal#image#","0000000094":"manmohan#image#","0000000095":"Modi#image#","0000000096":"pranab#image#","0000000097":"soniya#image#"}},{"questionId":"00000008","question":"Find out Mismatch one pair ","questionimage":"","systemCorrectOptionID":"37","correctOptionID":"NA","options":{"0000000036":"Great - Fantastic#image#","0000000037":"Clever - Smant#image#","0000000038":"Tiny - Small#image#","0000000039":"Lady - Woman#image#","0000000040":"Easy - Simple#image#"}},{"questionId":"00000006","question":"Which  of the following has been misspell ?","questionimage":"","systemCorrectOptionID":"26","correctOptionID":"NA","options":{"0000000026":"Aail#image#","0000000027":"Mail#image#","0000000028":"Wail#image#","0000000029":"Rain#image#","0000000030":"Rail#image#"}},{"questionId":"00000003","question":"Which  of the following has been misspell ?","questionimage":"","systemCorrectOptionID":"14","correctOptionID":"NA","options":{"0000000011":"Abduct#image#","0000000012":"Except#image#","0000000013":"Postpone#image#","0000000014":"Abstian#image#","0000000015":"Excess#image#"}},{"questionId":"00000009","question":"Find out Mismatch one pair ","questionimage":"","systemCorrectOptionID":"43","correctOptionID":"NA","options":{"0000000041":"Great - Fantastic#image#","0000000042":"Clever - Smart#image#","0000000043":"Tiny - Smell#image#","0000000044":"Lady - Woman#image#","0000000045":"Easy - Simple#image#"}},{"questionId":"00000005","question":"Which  of the following has been misspell ?","questionimage":"","systemCorrectOptionID":"24","correctOptionID":"NA","options":{"0000000021":"Men#image#","0000000022":"Man#image#","0000000023":"Hen#image#","0000000024":"Ren#image#","0000000025":"Yen#image#"}},{"questionId":"00000004","question":"Which  of the following has been misspell ?","questionimage":"","systemCorrectOptionID":"18","correctOptionID":"NA","options":{"0000000016":"Woman#image#","0000000017":"Happy#image#","0000000018":"Simplle#image#","0000000019":"Small#image#","0000000020":"Smell#image#"}},{"questionId":"00000018","question":"Full form of CPU?","questionimage":"","systemCorrectOptionID":"83","correctOptionID":"NA","options":{"0000000083":"central processing unit#image#","0000000084":"common processing unit#image#","0000000085":"CPU#image#","0000000086":"center processing unit#image#","0000000087":"cannon processing unit#image#"}}]}